INSERT INTO MEMBER (ID, USERNAME, PASSWORD, EMAIL, is_paid, CREATED_DATE, UPDATED_DATE) VALUES (default, 'user1', '$2a$10$RipmJ2.1x5wRiO5Dx4a2SeAZRfWDiKCQEezI9TzAiP5yAfiH5jIhK', 'nana@naver.com', true ,NOW(), NOW());
-- user1 비밀번호: 1234
INSERT INTO MEMBER (ID, USERNAME, PASSWORD, EMAIL, is_paid, CREATED_DATE, UPDATED_DATE) VALUES (default, 'user2', '$2a$10$9bixt37laSFs1yvC6F/b9u4WUNqaJVRcxLPdjJU2vAZBDnxgmzmxq', 'nana2@naver.com',false, NOW(), NOW());
-- user2 비밀번호: 2234

INSERT INTO MEMBER_ROLE_SET (MEMBER_ID, ROLE_SET) VALUES (1, 'ROLE_USER');
INSERT INTO MEMBER_ROLE_SET (MEMBER_ID, ROLE_SET) VALUES (2, 'ROLE_USER');

INSERT INTO POST (TITLE, BODY, MEMBER_ID, IS_PUBLISHED,IS_MEMBERSHIP, CREATED_DATE, UPDATED_DATE) VALUES ('Title1', 'Body1', 1, TRUE, FALSE,NOW(), NOW());
INSERT INTO POST (TITLE, BODY, MEMBER_ID, IS_PUBLISHED,IS_MEMBERSHIP, CREATED_DATE, UPDATED_DATE) VALUES ('Title2', 'Body2', 2, TRUE, FALSE,NOW(), NOW());
INSERT INTO POST (TITLE, BODY, MEMBER_ID, IS_PUBLISHED,IS_MEMBERSHIP, CREATED_DATE, UPDATED_DATE) VALUES ('Title3', 'Body3', 1, TRUE, FALSE,NOW(), NOW());
INSERT INTO POST (TITLE, BODY, MEMBER_ID, IS_PUBLISHED,IS_MEMBERSHIP, CREATED_DATE, UPDATED_DATE) VALUES ('Title4', 'Body4', 2, FALSE,FALSE, NOW(), NOW());
INSERT INTO POST (TITLE, BODY, MEMBER_ID, IS_PUBLISHED,IS_MEMBERSHIP, CREATED_DATE, UPDATED_DATE) VALUES ('Title5', 'Body5', 1, TRUE, FALSE,NOW(), NOW());
INSERT INTO POST (TITLE, BODY, MEMBER_ID, IS_PUBLISHED,IS_MEMBERSHIP, CREATED_DATE, UPDATED_DATE) VALUES ('Title6', 'Body6', 2, TRUE, FALSE,NOW(), NOW());
INSERT INTO POST (TITLE, BODY, MEMBER_ID, IS_PUBLISHED,IS_MEMBERSHIP, CREATED_DATE, UPDATED_DATE) VALUES ('Title7', 'Body7', 1, TRUE, FALSE,NOW(), NOW());
INSERT INTO POST (TITLE, BODY, MEMBER_ID, IS_PUBLISHED,IS_MEMBERSHIP, CREATED_DATE, UPDATED_DATE) VALUES ('Title8', 'Body8', 2, FALSE,FALSE, NOW(), NOW());
INSERT INTO POST (TITLE, BODY, MEMBER_ID, IS_PUBLISHED,IS_MEMBERSHIP, CREATED_DATE, UPDATED_DATE) VALUES ('Title9', 'Body9', 1, TRUE,FALSE, NOW(), NOW());
INSERT INTO POST (TITLE, BODY, MEMBER_ID, IS_PUBLISHED,IS_MEMBERSHIP, CREATED_DATE, UPDATED_DATE) VALUES ('Title10', 'Body10', 2, TRUE, FALSE,NOW(), NOW());
INSERT INTO POST (TITLE, BODY, MEMBER_ID, IS_PUBLISHED,IS_MEMBERSHIP, CREATED_DATE, UPDATED_DATE) VALUES ('Title11', 'Body11', 1, TRUE, FALSE,NOW(), NOW());
INSERT INTO POST (TITLE, BODY, MEMBER_ID, IS_PUBLISHED,IS_MEMBERSHIP, CREATED_DATE, UPDATED_DATE) VALUES ('Title12', 'Body12', 2, FALSE,FALSE, NOW(), NOW());
INSERT INTO POST (TITLE, BODY, MEMBER_ID, IS_PUBLISHED,IS_MEMBERSHIP, CREATED_DATE, UPDATED_DATE) VALUES ('Title13', 'Body13', 1, TRUE, FALSE,NOW(), NOW());
INSERT INTO POST (TITLE, BODY, MEMBER_ID, IS_PUBLISHED,IS_MEMBERSHIP, CREATED_DATE, UPDATED_DATE) VALUES ('Title14', 'Body14', 2, TRUE, FALSE,NOW(), NOW());
INSERT INTO POST (TITLE, BODY, MEMBER_ID, IS_PUBLISHED,IS_MEMBERSHIP, CREATED_DATE, UPDATED_DATE) VALUES ('Title15', 'Body15', 1, TRUE, FALSE,NOW(), NOW());
INSERT INTO POST (TITLE, BODY, MEMBER_ID, IS_PUBLISHED,IS_MEMBERSHIP, CREATED_DATE, UPDATED_DATE) VALUES ('Title16', 'Body16', 2, FALSE,FALSE, NOW(), NOW());
INSERT INTO POST (TITLE, BODY, MEMBER_ID, IS_PUBLISHED,IS_MEMBERSHIP, CREATED_DATE, UPDATED_DATE) VALUES ('Title17', 'Body17', 1, TRUE, FALSE,NOW(), NOW());
INSERT INTO POST (TITLE, BODY, MEMBER_ID, IS_PUBLISHED,IS_MEMBERSHIP, CREATED_DATE, UPDATED_DATE) VALUES ('Title18', 'Body18', 2, TRUE, FALSE,NOW(), NOW());
INSERT INTO POST (TITLE, BODY, MEMBER_ID, IS_PUBLISHED,IS_MEMBERSHIP, CREATED_DATE, UPDATED_DATE) VALUES ('Title19', 'Body19', 1, TRUE, FALSE,NOW(), NOW());
INSERT INTO POST (TITLE, BODY, MEMBER_ID, IS_PUBLISHED,IS_MEMBERSHIP, CREATED_DATE, UPDATED_DATE) VALUES ('Title20', 'Body20', 1, FALSE,FALSE, NOW(), NOW());
INSERT INTO POST (TITLE, BODY, MEMBER_ID, IS_PUBLISHED,IS_MEMBERSHIP, CREATED_DATE, UPDATED_DATE) VALUES ('Title21', 'Body21', 2, TRUE, FALSE,NOW(), NOW());
INSERT INTO POST (TITLE, BODY, MEMBER_ID, IS_PUBLISHED,IS_MEMBERSHIP, CREATED_DATE, UPDATED_DATE) VALUES ('Title22', 'Body22', 1, TRUE, FALSE,NOW(), NOW());
INSERT INTO POST (TITLE, BODY, MEMBER_ID, IS_PUBLISHED,IS_MEMBERSHIP, CREATED_DATE, UPDATED_DATE) VALUES ('Title23', 'Body23', 2, TRUE, FALSE,NOW(), NOW());
INSERT INTO POST (TITLE, BODY, MEMBER_ID, IS_PUBLISHED,IS_MEMBERSHIP, CREATED_DATE, UPDATED_DATE) VALUES ('Title24', 'Body24', 1, FALSE,FALSE, NOW(), NOW());
INSERT INTO POST (TITLE, BODY, MEMBER_ID, IS_PUBLISHED,IS_MEMBERSHIP, CREATED_DATE, UPDATED_DATE) VALUES ('Title25', 'Body25', 2, TRUE, FALSE,NOW(), NOW());
INSERT INTO POST (TITLE, BODY, MEMBER_ID, IS_PUBLISHED,IS_MEMBERSHIP, CREATED_DATE, UPDATED_DATE) VALUES ('Title26', 'Body26', 1, TRUE, FALSE,NOW(), NOW());
INSERT INTO POST (TITLE, BODY, MEMBER_ID, IS_PUBLISHED,IS_MEMBERSHIP, CREATED_DATE, UPDATED_DATE) VALUES ('Title27', 'Body27', 2, TRUE, FALSE,NOW(), NOW());
INSERT INTO POST (TITLE, BODY, MEMBER_ID, IS_PUBLISHED,IS_MEMBERSHIP, CREATED_DATE, UPDATED_DATE) VALUES ('Title28', 'Body28', 1, FALSE,FALSE, NOW(), NOW());
INSERT INTO POST (TITLE, BODY, MEMBER_ID, IS_PUBLISHED,IS_MEMBERSHIP, CREATED_DATE, UPDATED_DATE) VALUES ('Title29', 'Body29', 2, TRUE, FALSE,NOW(), NOW());
INSERT INTO POST (TITLE, BODY, MEMBER_ID, IS_PUBLISHED,IS_MEMBERSHIP, CREATED_DATE, UPDATED_DATE) VALUES ('Title30', 'Body30', 1, TRUE, FALSE,NOW(), NOW());

INSERT INTO POST (TITLE, BODY, MEMBER_ID, IS_PUBLISHED,IS_MEMBERSHIP, CREATED_DATE, UPDATED_DATE) VALUES ('Title31', 'Body31', 1, TRUE, FALSE, NOW(), NOW());
INSERT INTO POST (TITLE, BODY, MEMBER_ID, IS_PUBLISHED,IS_MEMBERSHIP, CREATED_DATE, UPDATED_DATE) VALUES ('Title32', 'Body32', 2, FALSE, FALSE, NOW(), NOW());
INSERT INTO POST (TITLE, BODY, MEMBER_ID, IS_PUBLISHED,IS_MEMBERSHIP, CREATED_DATE, UPDATED_DATE) VALUES ('Title33', 'Body33', 1, TRUE, FALSE, NOW(), NOW());
INSERT INTO POST (TITLE, BODY, MEMBER_ID, IS_PUBLISHED,IS_MEMBERSHIP, CREATED_DATE, UPDATED_DATE) VALUES ('Title34', 'Body34', 2, TRUE, FALSE, NOW(), NOW());

INSERT INTO POST (TITLE, BODY, MEMBER_ID, IS_PUBLISHED,IS_MEMBERSHIP, CREATED_DATE, UPDATED_DATE) VALUES ('Title31', 'Body31', 1, TRUE, FALSE, NOW(), NOW());
INSERT INTO POST (TITLE, BODY, MEMBER_ID, IS_PUBLISHED,IS_MEMBERSHIP, CREATED_DATE, UPDATED_DATE) VALUES ('Title32', 'Body32', 2, FALSE, FALSE, NOW(), NOW());
INSERT INTO POST (TITLE, BODY, MEMBER_ID, IS_PUBLISHED,IS_MEMBERSHIP, CREATED_DATE, UPDATED_DATE) VALUES ('Title33', 'Body33', 1, TRUE, FALSE, NOW(), NOW());
INSERT INTO POST (TITLE, BODY, MEMBER_ID, IS_PUBLISHED,IS_MEMBERSHIP, CREATED_DATE, UPDATED_DATE) VALUES ('Title34', 'Body34', 2, TRUE, FALSE, NOW(), NOW());

INSERT INTO COMMENT (ID, MEMBER_ID, POST_ID, BODY) VALUES (default, 1, 30, '안녕하세요 USER1입니다.');
INSERT INTO COMMENT (ID, MEMBER_ID, POST_ID, BODY) VALUES (default, 2, 30, '안녕하세요 USER2입니다.');